species,n_genes_analyzed,p_value,odds_ratio,significant
brooksi,5515,0.5145440211180392,0.8305435120648336,False
elizabethae,5012,0.02812483380310592,1.33600600120516,True
